<configuration>
    <property>
        <name>fs.defaultFS</name>
        <value>hdfs://namenode:8020</value>
    </property>
    <!-- <property>
        <name>hive.metastore.warehouse.dir</name>
        <value>hdfs://namenode:9000/user/hive/warehouse</value>
    </property> -->
    <property>
        <name>hive.metastore.warehouse.dir</name>
        <value>hdfs://namenode/user/hive/warehouse</value>
        <description>Location of default database for Hive in HDFS.</description>
    </property>
    <property>
        <name>hive.metastore.uri</name>
        <value>thrift://hive-metastore:9083</value>
    </property>
</configuration>
